Temp,Culture.code,replicate,14.Jun.2023,22.Jun.2023,26.Jun.2023,29.Jun.2023,3.Jul.2023,6.Jul.2023,10.Jul.2023,13.Jul.2023,17.Jul.2023
10,EM31,A,19.635,20.3,20.3,27.961,27.961,27.961,57.325,57.325,113.575
10,EM31,B,19.635,23.539,23.539,41.547,87.942,143.864,224.686,309.651,407.184
10,EM31,C,19.635,23.041,23.041,43.982,73.972,129.524,202.891,253.63,333.013
10,EM31,D,19.635,20.179,20.179,43.376,67.478,107.523,170.423,226.793,323.785
20,EM31,A,19.635,88.215,224.395,399.591,612.273,904.833,1250.348,1539.662,1733.759
20,EM31,B,19.635,120.366,249.594,397.558,646.98,976.919,1322.097,1572.036,1880.352
20,EM31,C,19.635,69.673,226.808,345.939,600.711,896.079,1232.402,1530.6,1841.982
20,EM31,D,19.635,92.375,231.604,392.477,691.337,978.769,1333.723,1701.656,2044.012
24,EM31,A,19.635,241.682,468.931,672.719,969.661,1377.536,1713.432,1713.432,1713.432
24,EM31,B,19.635,194.19,437.032,649.713,1034.661,1383.716,1749.147,2031.165,2295.076
24,EM31,C,19.635,128.121,340.511,529.218,836.626,1127.509,1441.041,1749.29,2004.991
24,EM31,D,19.635,131.347,324.013,522.881,810.922,1055.709,1303.03,1544.113,1794.909
27,EM31,A,19.635,80.583,155.45,246.719,364.871,478.924,607.142,820.456,1012.262
27,EM31,B,19.635,65.15,141.983,256.022,373.019,528.583,698.283,838.898,1027.368
27,EM31,C,19.635,95.126,189.219,304.854,438.233,543.311,543.311,543.311,543.311
27,EM31,D,19.635,77.989,157.952,233.795,321.464,430.42,430.42,430.42,430.42
30,EM31,A,19.635,40.18,40.18,101.298,147.292,205.143,205.143,301.249,386.53
30,EM31,B,19.635,39.902,39.902,102.65,136.852,190.755,263.329,263.329,363.619
30,EM31,C,19.635,43.262,43.262,104.266,148.079,217.32,282.822,282.822,395.347
30,EM31,D,19.635,46.037,46.037,93.54,145.955,145.955,244.958,244.958,349.281
34,EM31,A,19.635,19.635,19.635,19.635,19.635,19.635,19.635,19.635,19.635
34,EM31,B,19.635,19.635,19.635,19.635,19.635,19.635,19.635,19.635,19.635
34,EM31,C,19.635,19.635,19.635,19.635,19.635,19.635,19.635,19.635,19.635
34,EM31,D,19.635,19.635,19.635,19.635,19.635,19.635,19.635,19.635,19.635
37,EM31,A,19.635,19.635,19.635,19.635,19.635,19.635,19.635,19.635,19.635
37,EM31,B,19.635,19.635,19.635,19.635,19.635,19.635,19.635,19.635,19.635
37,EM31,C,19.635,19.635,19.635,19.635,19.635,19.635,19.635,19.635,19.635
37,EM31,D,19.635,19.635,19.635,19.635,19.635,19.635,19.635,19.635,19.635
10,FC55,A,19.635,24.079,68.833,97.716,163.239,237.68,321.817,321.817,424.323
10,FC55,B,19.635,20.768,69.271,100.366,139.986,139.986,274.592,274.592,393.58
10,FC55,C,19.635,32.237,96.23,140.639,223.268,308.05,394.233,493.041,656.998
10,FC55,D,19.635,23.842,70.6,111.253,195.921,292.761,403.311,523.44,688.409
20,FC55,A,19.635,140.271,317.046,484.416,706.236,1043.786,1342.729,1709.198,2020.228
20,FC55,B,19.635,150.799,341.355,481.027,699.995,881.464,1126.048,1334.15,1589.79
20,FC55,C,19.635,121.392,277.408,420.638,738.46,949.429,1149.03,1149.03,1149.03
20,FC55,D,19.635,102.491,290.124,533.02,770.423,967.779,1195.51,1195.51,1388.678
24,FC55,A,19.635,123.615,299.043,507.804,808.912,1058.762,1440.089,1764.689,2203.376
24,FC55,B,19.635,139.438,363.303,566.304,794.043,1018.414,1204.574,1386.09,1597.6
24,FC55,C,19.635,200.231,339.903,563.747,865.696,1135.613,1436.308,1753.609,2026.823
24,FC55,D,19.635,169.916,347.259,497.934,623.102,754.386,959.388,1131.995,1325.717
27,FC55,A,19.635,61.433,130.106,130.106,130.106,130.106,130.106,187.057,187.057
27,FC55,B,19.635,43.141,43.141,43.141,43.141,77.276,131.592,131.592,131.592
27,FC55,C,19.635,57.347,57.347,107.375,120.633,120.633,170.367,170.367,170.367
27,FC55,D,19.635,59.07,59.07,105.005,136.828,191.446,191.446,191.446,271.832
30,FC55,A,19.635,20.327,20.327,28.209,28.209,28.209,44.645,44.645,44.645
30,FC55,B,19.635,contam,contam,contam,contam,contam,contam,contam,contam
30,FC55,C,19.635,22.205,22.205,34.392,34.392,34.392,34.392,34.392,34.392
30,FC55,D,19.635,21.833,48.971,48.971,48.971,48.971,48.971,48.971,48.971
34,FC55,A,19.635,19.635,19.635,19.635,19.635,19.635,19.635,19.635,19.635
34,FC55,B,19.635,19.635,19.635,19.635,19.635,19.635,19.635,19.635,19.635
34,FC55,C,19.635,19.635,19.635,19.635,19.635,19.635,19.635,19.635,19.635
34,FC55,D,19.635,19.635,19.635,19.635,19.635,19.635,19.635,19.635,19.635
37,FC55,A,19.635,19.635,19.635,19.635,19.635,19.635,19.635,19.635,19.635
37,FC55,B,19.635,19.635,19.635,19.635,19.635,19.635,19.635,19.635,19.635
37,FC55,C,19.635,19.635,19.635,19.635,19.635,19.635,19.635,19.635,19.635
37,FC55,D,19.635,19.635,19.635,19.635,19.635,19.635,19.635,19.635,19.635
10,FC179,A,19.635,35.82,96.678,176.778,270.956,376.357,516.973,624.469,802.094
10,FC179,B,19.635,36.048,101.093,168.631,260.381,373.865,534.314,642.236,777.988
10,FC179,C,19.635,33.562,114.153,189.724,296.6,428.129,603.155,735.467,924.928
10,FC179,D,19.635,31.262,95.161,161.581,290.105,417.226,561.438,701.328,880.52
20,FC179,A,19.635,137.27,380.406,701.687,1112.974,1589.704,2159.542,2515.717,2916.334
20,FC179,B,19.635,124.849,354.645,551.888,995.448,1383.723,1913.304,2370.398,2813.089
20,FC179,C,19.635,138.677,387.608,628.59,986.452,1245.233,1245.233,1245.233,1245.233
20,FC179,D,19.635,112.421,290.745,554.574,929.358,1305.485,1813.304,2273.27,2753.123
24,FC179,A,19.635,200.154,509.398,869.495,1373.348,1918.986,2560.879,2881.645,3328.525
24,FC179,B,19.635,230.616,526.465,888.42,1382.488,1846.761,2395.49,2832.67,3193.462
24,FC179,C,19.635,183.208,455.651,720.883,1161.48,1638.098,2131.4,2580.868,2955.253
24,FC179,D,19.635,182.534,479.156,715.629,1175.527,1623.548,2145.588,2599.204,3042.049
27,FC179,A,19.635,54.326,170.855,338.542,577.866,790.808,987.309,987.309,987.309
27,FC179,B,19.635,45.641,129.973,277.629,449.02,636.359,636.359,636.359,636.359
27,FC179,C,19.635,56.331,233.58,430.68,685.889,986.76,1271.839,1598.221,1950.856
27,FC179,D,19.635,75.519,201.682,404.028,597.446,907.009,1260.208,1557.375,1960.832
30,FC179,A,19.635,35.59,76.561,107.442,196.402,292.098,393.7,506.101,673.156
30,FC179,B,19.635,45.917,100.082,143.677,237.596,371.555,510.917,617.292,782.82
30,FC179,C,19.635,37.338,37.338,81.879,139.162,211.194,276.912,358.053,439.616
30,FC179,D,19.635,45.637,45.637,76.468,148.572,228.222,313.412,412.132,412.132
34,FC179,A,19.635,19.635,19.635,19.635,19.635,19.635,19.635,19.635,19.635
34,FC179,B,19.635,19.635,19.635,19.635,19.635,19.635,19.635,19.635,19.635
34,FC179,C,19.635,19.635,19.635,19.635,19.635,19.635,19.635,19.635,19.635
34,FC179,D,19.635,19.635,19.635,19.635,19.635,19.635,19.635,19.635,19.635
37,FC179,A,19.635,19.635,19.635,19.635,19.635,19.635,19.635,19.635,19.635
37,FC179,B,19.635,19.635,19.635,19.635,19.635,19.635,19.635,19.635,19.635
37,FC179,C,19.635,19.635,19.635,19.635,19.635,19.635,19.635,19.635,19.635
37,FC179,D,19.635,19.635,19.635,19.635,19.635,19.635,19.635,19.635,19.635
10,VC_1858,A,19.635,50.175,121.783,153.306,183.071,183.071,262.152,262.152,262.152
10,VC_1858,B,19.635,44.711,115.296,161.151,198.346,198.346,277.291,359.655,359.655
10,VC_1858,C,19.635,60.401,136.572,186.196,243.672,243.672,346.539,346.539,450.386
10,VC_1858,D,19.635,contam,contam,contam,contam,contam,contam,contam,contam
20,VC_1858,A,19.635,63.211,115.602,183.644,247.085,340.465,461.832,461.832,591.176
20,VC_1858,B,19.635,60.131,118.833,198.004,312.751,419.055,545.376,657,770.915
20,VC_1858,C,19.635,118.194,201.206,291.427,389.417,527.47,527.47,648.621,648.621
20,VC_1858,D,19.635,100.653,201.027,278.346,373.578,495.405,617.619,617.619,617.619
24,VC_1858,A,19.635,119.425,229.554,321.956,422.952,545.716,680.94,680.94,855.752
24,VC_1858,B,19.635,115.979,213.209,325.742,476.098,621.646,763.804,866.991,866.991
24,VC_1858,C,19.635,193.674,336.293,461.427,605.507,754.083,923.428,923.428,1131.156
24,VC_1858,D,19.635,168.721,298.315,409.323,532.839,671.892,816.625,816.625,816.625
27,VC_1858,A,19.635,contam,contam,contam,contam,contam,contam,contam,contam
27,VC_1858,B,19.635,230.628,428.723,576.232,748.287,964.603,1148.826,1148.826,1148.826
27,VC_1858,C,19.635,159.793,332.616,440.692,670.929,881.641,1086.521,1086.521,1296.55
27,VC_1858,D,19.635,119.156,258.135,393.312,577.016,800.488,996.268,1188.004,1188.004
30,VC_1858,A,19.635,125.844,296.38,425.61,638.097,817.362,1026.328,1173.721,1173.721
30,VC_1858,B,19.635,119.365,275.58,393.802,515.925,649.597,781.419,781.419,781.419
30,VC_1858,C,19.635,216.873,438.824,585.654,716.997,872.498,872.498,872.498,872.498
30,VC_1858,D,19.635,250.28,441.803,590.968,758.783,939.406,1129.364,1129.364,1129.364
34,VC_1858,A,19.635,19.635,19.635,19.635,19.635,19.635,19.635,19.635,19.635
34,VC_1858,B,19.635,19.635,19.635,19.635,19.635,19.635,19.635,19.635,19.635
34,VC_1858,C,19.635,19.635,19.635,19.635,19.635,19.635,19.635,19.635,19.635
34,VC_1858,D,19.635,19.635,19.635,19.635,19.635,19.635,19.635,19.635,19.635
37,VC_1858,A,19.635,19.635,19.635,19.635,19.635,19.635,19.635,19.635,19.635
37,VC_1858,B,19.635,19.635,19.635,19.635,19.635,19.635,19.635,19.635,19.635
37,VC_1858,C,19.635,19.635,19.635,19.635,19.635,19.635,19.635,19.635,19.635
37,VC_1858,D,19.635,19.635,19.635,19.635,19.635,19.635,19.635,19.635,19.635
10,EM49,A,19.635,33.372,33.372,33.372,83.848,146,146,229.798,229.798
10,EM49,B,19.635,40.016,40.016,81.576,123.935,123.935,214.027,293.652,293.652
10,EM49,C,19.635,35.437,35.437,75.973,105.828,155.541,155.541,214.283,214.283
10,EM49,D,19.635,39.895,39.895,83.478,118.26,171.982,171.982,232.069,232.069
20,EM49,A,19.635,95.153,204.756,302.852,424.759,576.529,703.089,703.089,703.089
20,EM49,B,19.635,107.521,232.063,334.201,437.157,588.963,721.832,721.832,721.832
20,EM49,C,19.635,101.692,212.688,305.005,406.353,568.525,762.011,907.349,907.349
20,EM49,D,19.635,108.979,174.728,254.202,363.016,516.172,643.348,782.908,782.908
24,EM49,A,19.635,165.332,307.543,416.812,576.583,776.28,776.28,994.506,994.506
24,EM49,B,19.635,260.631,516.127,782.226,1127.816,1442.095,1732.469,1732.469,2033.39
24,EM49,C,19.635,152.358,299.539,413.957,518.313,666.648,666.648,819.134,819.134
24,EM49,D,19.635,168.109,284.201,400.313,531.999,705.763,705.763,887.359,887.359
27,EM49,A,19.635,141.743,263.803,357.84,492.554,612.883,770.308,945.955,945.955
27,EM49,B,19.635,117.709,198.813,290.294,386.09,509.596,509.596,621.336,621.336
27,EM49,C,19.635,152.916,408.33,672.824,1027.217,1325.266,1681.632,1980.742,2238.549
27,EM49,D,19.635,206.312,455.018,709.192,1054.627,1366.783,1659.841,1873.573,1873.573
30,EM49,A,19.635,113.687,188.103,227.668,272.302,272.302,412.877,412.877,533.242
30,EM49,B,19.635,86.453,169.158,222.095,279.196,279.196,402.535,508.465,508.465
30,EM49,C,19.635,102.016,211.545,322.244,505.894,716.965,947.828,1095.125,1095.125
30,EM49,D,19.635,106.814,192.779,266.822,398.398,559.219,749.936,864.061,864.061
34,EM49,A,19.635,19.635,19.635,19.635,19.635,19.635,19.635,19.635,19.635
34,EM49,B,19.635,19.635,19.635,19.635,19.635,19.635,19.635,19.635,19.635
34,EM49,C,19.635,19.635,19.635,19.635,19.635,19.635,19.635,19.635,19.635
34,EM49,D,19.635,19.635,19.635,19.635,19.635,19.635,19.635,19.635,19.635
37,EM49,A,19.635,19.635,19.635,19.635,19.635,19.635,19.635,19.635,19.635
37,EM49,B,19.635,19.635,19.635,19.635,19.635,19.635,19.635,19.635,19.635
37,EM49,C,19.635,19.635,19.635,19.635,19.635,19.635,19.635,19.635,19.635
37,EM49,D,19.635,19.635,19.635,19.635,19.635,19.635,19.635,19.635,19.635
10,FC423,A,19.635,42.389,81.921,123.293,190.447,269.317,365.189,442.863,549.72
10,FC423,B,19.635,32.413,64.253,92.592,181.438,249.63,352.427,426.728,523.788
10,FC423,C,19.635,52.036,87.514,134.286,228.31,310.453,412.175,482.552,568.884
10,FC423,D,19.635,49.988,92.004,139.672,227.687,321.804,419.638,498.479,596.821
20,FC423,A,19.635,160.024,316.659,442.201,541.573,687.924,687.924,916.37,1155.791
20,FC423,B,19.635,160.103,313.803,455.44,580.975,761.018,912.169,912.169,1130.994
20,FC423,C,19.635,191.579,408.88,648.144,884.224,1187.032,1605.127,1943.043,2287.71
20,FC423,D,19.635,162.424,305.435,448.112,567.459,726.956,726.956,726.956,726.956
24,FC423,A,19.635,166.384,433.31,615.508,910.966,1283.989,1557.907,1813.41,2093.083
24,FC423,B,19.635,186.522,439.008,608.33,1038.338,1328.184,1686.345,1941.425,2208.766
24,FC423,C,19.635,226.549,510.919,767.801,1192.247,1608.729,1988.751,2230.728,2489.583
24,FC423,D,19.635,212.974,491.803,691.765,1019.615,1338.736,1689.783,1910.306,2135.626
27,FC423,A,19.635,82.457,138.089,169.852,233.541,332.703,446.679,548.261,666.726
27,FC423,B,19.635,63.561,100.925,155.901,210.927,293.54,414.86,499.151,627.364
27,FC423,C,19.635,47.654,124.288,183.36,242.996,312.658,423.345,423.345,586.959
27,FC423,D,19.635,103.365,152.725,186.921,248.334,349.522,349.522,449.898,574.443
30,FC423,A,19.635,34.576,34.576,50.63,50.63,50.63,50.63,50.63,82.7
30,FC423,B,19.635,30.015,30.015,48.138,48.138,48.138,48.138,81.311,117.592
30,FC423,C,19.635,25.204,25.204,60.503,60.503,60.503,130.501,130.501,193.246
30,FC423,D,19.635,39.223,39.223,60.611,60.611,104.388,156.135,214.519,282.025
34,FC423,A,19.635,19.635,19.635,19.635,19.635,19.635,19.635,19.635,19.635
34,FC423,B,19.635,19.635,19.635,19.635,19.635,19.635,19.635,19.635,19.635
34,FC423,C,19.635,19.635,19.635,19.635,19.635,19.635,19.635,19.635,19.635
34,FC423,D,19.635,19.635,19.635,19.635,19.635,19.635,19.635,19.635,19.635
37,FC423,A,19.635,19.635,19.635,19.635,19.635,19.635,19.635,19.635,19.635
37,FC423,B,19.635,19.635,19.635,19.635,19.635,19.635,19.635,19.635,19.635
37,FC423,C,19.635,19.635,19.635,19.635,19.635,19.635,19.635,19.635,19.635
37,FC423,D,19.635,19.635,19.635,19.635,19.635,19.635,19.635,19.635,19.635
10,FC203,A,19.635,23.67,23.67,35.925,70.511,114.404,184.829,257.569,363.605
10,FC203,B,19.635,19.753,19.753,48.173,69.3,116.269,177.644,235.216,327.787
10,FC203,C,19.635,23.214,23.214,48.415,69.272,106.414,177.601,231.649,320.553
10,FC203,D,19.635,22.929,22.929,35.206,55.528,98.36,151.617,207.765,278.689
20,FC203,A,19.635,contam,contam,contam,contam,contam,contam,contam,contam
20,FC203,B,19.635,116.423,203.596,299.555,429.065,572.217,572.217,572.217,572.217
20,FC203,C,19.635,52.96,138.083,228.395,338.268,507.095,688.561,911.204,1198.583
20,FC203,D,19.635,61.989,175.734,251.664,379.166,549.247,740.995,942.988,1199.915
24,FC203,A,19.635,72.169,253.406,383.661,585.316,800.377,1085.201,1288.059,1564.496
24,FC203,B,19.635,86.692,233.65,376.478,565.112,774.285,1059.827,1334.029,1585.498
24,FC203,C,19.635,92.694,273.404,441.292,664.448,868.367,1068.378,1246.276,1505.583
24,FC203,D,19.635,120.253,309.364,449.266,722.62,950.503,1199.551,1471.816,1679.722
27,FC203,A,19.635,42.044,79.01,103.664,162.485,248.78,362.699,362.699,509.852
27,FC203,B,19.635,47.271,78.376,105.936,129.635,201.901,293.003,378.679,479.63
27,FC203,C,19.635,47.62,89.571,145.437,230.265,330.468,438.839,572.206,697.924
27,FC203,D,19.635,40.912,90.005,130.062,130.062,240.399,335.503,422.183,550.828
30,FC203,A,19.635,21.814,21.814,34.676,34.676,34.676,69.661,69.661,69.661
30,FC203,B,19.635,23.913,23.913,45.834,80.131,135.54,135.54,172.53,172.53
30,FC203,C,19.635,30.866,30.866,40.248,71.867,113.483,113.483,113.483,113.483
30,FC203,D,19.635,30.551,30.551,53.655,75.934,135.569,135.569,175.567,175.567
34,FC203,A,19.635,19.635,19.635,19.635,19.635,19.635,19.635,19.635,19.635
34,FC203,B,19.635,19.635,19.635,19.635,19.635,19.635,19.635,19.635,19.635
34,FC203,C,19.635,19.635,19.635,19.635,19.635,19.635,19.635,19.635,19.635
34,FC203,D,19.635,19.635,19.635,19.635,19.635,19.635,19.635,19.635,19.635
37,FC203,A,19.635,19.635,19.635,19.635,19.635,19.635,19.635,19.635,19.635
37,FC203,B,19.635,19.635,19.635,19.635,19.635,19.635,19.635,19.635,19.635
37,FC203,C,19.635,19.635,19.635,19.635,19.635,19.635,19.635,19.635,19.635
37,FC203,D,19.635,19.635,19.635,19.635,19.635,19.635,19.635,19.635,19.635
10,EM16,A,19.635,32.387,32.387,66.406,111.754,111.754,193.47,253.58,253.58
10,EM16,B,19.635,25.117,25.117,56.03,92.12,92.12,161.239,211.323,264.376
10,EM16,C,19.635,30.571,30.571,68.193,115.912,169.421,227.566,227.566,314.089
10,EM16,D,19.635,26.605,65.729,82.777,120.612,173.067,235.898,235.898,323.746
20,EM16,A,19.635,contam,contam,contam,contam,contam,contam,contam,contam
20,EM16,B,19.635,75.439,142.336,223.686,314.665,457.212,654.32,817.786,1071.701
20,EM16,C,19.635,66.114,117.458,174.325,282.641,419.835,590.887,757.607,975.474
20,EM16,D,19.635,54.271,105.953,150.42,243.338,337.321,482.69,589.053,739.959
24,EM16,A,19.635,contam,contam,contam,contam,contam,contam,contam,contam
24,EM16,B,19.635,90.301,230.191,336.055,553.409,757.27,1086.184,1312.203,1651.312
24,EM16,C,19.635,64.1,127.195,217.489,332.866,493.652,723.266,873.957,1118.551
24,EM16,D,19.635,85.246,164.923,259.539,399.365,579.033,783.956,948.907,1167.357
27,EM16,A,19.635,76.859,148.92,234.803,377.487,511.303,659.293,659.293,659.293
27,EM16,B,19.635,87.056,166.933,264.844,388.128,528.666,760.108,973.53,1178.02
27,EM16,C,19.635,94.894,233.802,371.802,559.551,818.918,1085.993,1314.189,1314.189
27,EM16,D,19.635,99.649,213.207,301.45,446.151,589.178,789.177,1005.23,1218.53
30,EM16,A,19.635,59.478,126.398,193.397,290.401,411.474,556.79,724.036,869.007
30,EM16,B,19.635,78.632,139.94,221.78,357.063,466.539,615.098,775.168,947.187
30,EM16,C,19.635,73.4,142.926,218.393,345.516,474.519,624.65,743.592,931.348
30,EM16,D,19.635,75.202,148.86,205.683,347.726,462.664,595.341,703.648,896.026
34,EM16,A,19.635,19.635,19.635,19.635,19.635,19.635,19.635,19.635,19.635
34,EM16,B,19.635,19.635,19.635,19.635,19.635,19.635,19.635,19.635,19.635
34,EM16,C,19.635,19.635,19.635,19.635,19.635,19.635,19.635,19.635,19.635
34,EM16,D,19.635,19.635,19.635,19.635,19.635,19.635,19.635,19.635,19.635
37,EM16,A,19.635,19.635,19.635,19.635,19.635,19.635,19.635,19.635,19.635
37,EM16,B,19.635,19.635,19.635,19.635,19.635,19.635,19.635,19.635,19.635
37,EM16,C,19.635,19.635,19.635,19.635,19.635,19.635,19.635,19.635,19.635
37,EM16,D,19.635,19.635,19.635,19.635,19.635,19.635,19.635,19.635,19.635
10,FC43,A,19.635,25.579,25.579,62.047,62.047,101.307,101.307,151.803,206.11
10,FC43,B,19.635,27.581,27.581,65.202,65.202,101.77,101.77,145.822,210.077
10,FC43,C,19.635,26.057,56.6,56.6,56.6,97.255,97.255,146.099,215.239
10,FC43,D,19.635,27.73,27.73,61.955,61.955,104.412,104.412,147.374,201.859
20,FC43,A,19.635,119.386,240.912,356.535,526.602,731.929,1016.666,1299.709,1654.585
20,FC43,B,19.635,34.307,34.307,83.18,193.819,295.285,449.791,575.708,868.028
20,FC43,C,19.635,94.237,197.292,290.272,460.332,649.886,912.036,1108.94,1388.149
20,FC43,D,19.635,126.087,224.772,319.912,500.097,673.701,954.71,1254.415,1510.056
24,FC43,A,19.635,44.026,115.96,163.568,254.737,362.377,518.946,646.801,796.815
24,FC43,B,19.635,26.921,56.886,71.54,122.351,224.6,337.036,414.409,564.159
24,FC43,C,19.635,101.249,223.421,333.054,434.339,567.29,730.615,730.615,956.466
24,FC43,D,19.635,125.925,256.174,360.675,471.51,606.177,736.998,736.998,900.18
27,FC43,A,19.635,20.167,27.068,27.068,27.068,27.068,27.068,27.068,27.068
27,FC43,B,19.635,19.79,19.79,19.79,19.79,19.79,43.176,43.176,43.176
27,FC43,C,19.635,19.726,19.726,19.726,19.726,19.726,19.726,19.726,44.55
27,FC43,D,19.635,20.189,20.189,20.189,20.189,20.189,20.189,20.189,42.079
30,FC43,A,19.635,20.679,20.679,20.679,20.679,20.679,20.679,20.679,20.679
30,FC43,B,19.635,22.471,22.471,22.471,22.471,22.471,22.471,22.471,22.471
30,FC43,C,19.635,19.895,19.895,19.895,19.895,19.895,19.895,19.895,19.895
30,FC43,D,19.635,20.187,20.187,20.187,20.187,20.187,20.187,20.187,20.187
34,FC43,A,19.635,19.635,19.635,19.635,19.635,19.635,19.635,19.635,19.635
34,FC43,B,19.635,19.635,19.635,19.635,19.635,19.635,19.635,19.635,19.635
34,FC43,C,19.635,19.635,19.635,19.635,19.635,19.635,19.635,19.635,19.635
34,FC43,D,19.635,19.635,19.635,19.635,19.635,19.635,19.635,19.635,19.635
37,FC43,A,19.635,19.635,19.635,19.635,19.635,19.635,19.635,19.635,19.635
37,FC43,B,19.635,19.635,19.635,19.635,19.635,19.635,19.635,19.635,19.635
37,FC43,C,19.635,19.635,19.635,19.635,19.635,19.635,19.635,19.635,19.635
37,FC43,D,19.635,19.635,19.635,19.635,19.635,19.635,19.635,19.635,19.635
10,FC124,A,19.635,29.183,57.113,57.113,97.299,167.473,167.473,251.669,321.993
10,FC124,B,19.635,23.928,23.928,59.057,90.776,136.659,196.721,270.106,270.106
10,FC124,C,19.635,28.756,28.756,51.979,73.671,114.846,163.713,216.347,291.314
10,FC124,D,19.635,21.307,46.389,46.389,76.54,126.055,175.435,175.435,264.694
20,FC124,A,19.635,92.381,221.29,346.192,476.597,671.268,867.57,1078.551,1199.701
20,FC124,B,19.635,93.363,221.362,349.73,508.691,677.747,830.99,994.223,994.223
20,FC124,C,19.635,105.174,203.798,327.995,459.055,612.605,775.908,935.994,1115.558
20,FC124,D,19.635,99.222,207.166,314.077,451.017,626.395,791.037,953.237,1120.327
24,FC124,A,19.635,165.212,383.08,560.966,817.57,1128.419,1417.849,1673.413,1952.853
24,FC124,B,19.635,151.54,336.689,488.5,695.609,975.034,1192.831,1408.563,1589.583
24,FC124,C,19.635,222.041,499.302,628.853,827.183,1073.704,1317.598,1563.742,1789.108
24,FC124,D,19.635,199.383,436.505,653.953,851.67,1136.322,1409.297,1660.091,1948.018
27,FC124,A,19.635,158.845,302.216,451.527,631.421,832.92,1030.189,1181.806,1394.763
27,FC124,B,19.635,150.492,290.403,415.082,605.401,798.996,996.685,1154.612,1367.176
27,FC124,C,19.635,173.493,270.351,384.541,575.244,756.819,962.049,1126.05,1373.927
27,FC124,D,19.635,193.374,193.374,361.227,543.108,745.198,962.833,1153.892,1422.947
30,FC124,A,19.635,117.803,232.005,356.137,480.519,632.92,782.198,948.715,1143.529
30,FC124,B,19.635,106.894,245.842,338.306,480.626,634.234,831.091,960.924,1155.095
30,FC124,C,19.635,114.931,212.766,297.686,452.179,595.586,774.59,933.398,1196.086
30,FC124,D,19.635,153.815,153.815,283.734,447.064,594.993,768.696,899.944,1102.737
34,FC124,A,19.635,19.635,19.635,19.635,19.635,19.635,19.635,19.635,19.635
34,FC124,B,19.635,19.635,19.635,19.635,19.635,19.635,19.635,19.635,19.635
34,FC124,C,19.635,19.635,19.635,19.635,19.635,19.635,19.635,19.635,19.635
34,FC124,D,19.635,19.635,19.635,19.635,19.635,19.635,19.635,19.635,19.635
37,FC124,A,19.635,19.635,19.635,19.635,19.635,19.635,19.635,19.635,19.635
37,FC124,B,19.635,19.635,19.635,19.635,19.635,19.635,19.635,19.635,19.635
37,FC124,C,19.635,19.635,19.635,19.635,19.635,19.635,19.635,19.635,19.635
37,FC124,D,19.635,19.635,19.635,19.635,19.635,19.635,19.635,19.635,19.635
10,FC498,A,19.635,62.062,157.218,260.491,410.452,549.425,729.823,859.353,1016.549
10,FC498,B,19.635,66.072,150.21,303.867,427.131,533.623,729.93,729.93,981.647
10,FC498,C,19.635,30.636,68.956,148.879,245.259,346.802,504.917,504.917,677.723
10,FC498,D,19.635,39.701,105.873,157.189,240.039,331.662,462.709,589.326,706.372
20,FC498,A,19.635,152.529,276.952,395.044,672.515,944.504,1267.064,1582.241,1994.161
20,FC498,B,19.635,149.559,288.616,453.741,644.345,888.655,1210.204,1528.535,1895.701
20,FC498,C,19.635,126.125,283.446,455.044,705.976,973.386,1295.313,1675.595,2087.067
20,FC498,D,19.635,177.957,346.501,491.14,800.548,1056.935,1298.318,1685.842,2079.718
24,FC498,A,19.635,290.888,544.712,720.621,1141.368,1504.627,2043.406,2506.311,2952.676
24,FC498,B,19.635,310.027,498.964,726.165,1080.712,1468.28,1977.852,2395.547,2791.36
24,FC498,C,19.635,257.019,417.049,664.108,836.469,984.362,984.362,984.362,984.362
24,FC498,D,19.635,216.457,447.105,637.061,852.312,1019.021,1019.021,1019.021,1019.021
27,FC498,A,19.635,139.339,231.061,369.341,531.005,688.978,923.436,1103.548,1366.229
27,FC498,B,19.635,157.051,302.146,458.868,650.543,843.441,1085.22,1248.464,1460.111
27,FC498,C,19.635,74.174,167.205,322.154,476.459,679.132,1005.311,1271.668,1630.626
27,FC498,D,19.635,73.18,151.323,224.475,354.475,521.208,826.114,1045.405,1359.329
30,FC498,A,19.635,79.542,154.899,198.637,252.33,346.126,419.563,530.416,530.416
30,FC498,B,19.635,77.271,150.134,199.985,256.837,256.837,360.811,423.218,497.141
30,FC498,C,19.635,20.927,52.352,52.352,75.887,127.881,181.079,181.079,243.522
30,FC498,D,19.635,29.383,60.737,86.336,122.8,180.119,180.119,242.662,242.662
34,FC498,A,19.635,19.635,19.635,19.635,19.635,19.635,19.635,19.635,19.635
34,FC498,B,19.635,19.635,19.635,19.635,19.635,19.635,19.635,19.635,19.635
34,FC498,C,19.635,19.635,19.635,19.635,19.635,19.635,19.635,19.635,19.635
34,FC498,D,19.635,19.635,19.635,19.635,19.635,19.635,19.635,19.635,19.635
37,FC498,A,19.635,19.635,19.635,19.635,19.635,19.635,19.635,19.635,19.635
37,FC498,B,19.635,19.635,19.635,19.635,19.635,19.635,19.635,19.635,19.635
37,FC498,C,19.635,19.635,19.635,19.635,19.635,19.635,19.635,19.635,19.635
37,FC498,D,19.635,19.635,19.635,19.635,19.635,19.635,19.635,19.635,19.635
10,FC165,A,19.635,21.682,53.928,96.996,146.988,213.548,301.998,301.998,403.813
10,FC165,B,19.635,23.434,60.097,115.949,175.392,241.334,342.654,430.558,430.558
10,FC165,C,19.635,21.179,50.76,99.445,152.31,207.645,291.556,291.556,405.379
10,FC165,D,19.635,20.906,51.514,96.371,147.268,212.931,291.764,385.378,385.378
20,FC165,A,19.635,79.013,166.948,266.923,438.072,634.163,893.182,1192.424,1602.179
20,FC165,B,19.635,52.07,143.309,275.581,446.666,636.819,923.664,1167.475,1472.37
20,FC165,C,19.635,62.736,146.135,239.645,398.434,604.927,835.808,1165.275,1521.343
20,FC165,D,19.635,75.375,158.475,276.037,440.365,681.875,923.365,1304.86,1710.307
24,FC165,A,19.635,126.53,243.627,344.87,662.333,991.642,1581.861,2062.943,2773.847
24,FC165,B,19.635,123.789,241.669,362.468,676.742,1056.017,1651.006,2102.708,2802.33
24,FC165,C,19.635,107.665,225.751,354.95,650.131,1013.212,1540.722,1925.571,2536.015
24,FC165,D,19.635,118.236,238.708,365.985,607.668,862.556,1150.697,1551.35,2045.808
27,FC165,A,19.635,44.838,111.968,150.466,239.528,392.467,597.492,799.351,952.932
27,FC165,B,19.635,49.958,109.624,155.413,261.734,401.222,549.113,661.268,790.249
27,FC165,C,19.635,64.036,139.114,179.869,300.751,491.748,725.391,971.258,1212.243
27,FC165,D,19.635,56.644,102.022,133.51,220.444,337.547,483.419,634.122,881.843
30,FC165,A,19.635,31.558,78.294,107.785,141.009,141.009,239.2,313.282,434.981
30,FC165,B,19.635,32.916,92.199,125.931,125.931,197.497,281.739,358.939,450.924
30,FC165,C,19.635,29.763,29.763,61.385,88.339,132.194,185.979,241.738,329.412
30,FC165,D,19.635,38.028,72.982,96.725,137.692,206.934,276.963,351.339,459.954
34,FC165,A,19.635,19.635,19.635,19.635,19.635,19.635,19.635,19.635,19.635
34,FC165,B,19.635,19.635,19.635,19.635,19.635,19.635,19.635,19.635,19.635
34,FC165,C,19.635,19.635,19.635,19.635,19.635,19.635,19.635,19.635,19.635
34,FC165,D,19.635,19.635,19.635,19.635,19.635,19.635,19.635,19.635,19.635
37,FC165,A,19.635,19.635,19.635,19.635,19.635,19.635,19.635,19.635,19.635
37,FC165,B,19.635,19.635,19.635,19.635,19.635,19.635,19.635,19.635,19.635
37,FC165,C,19.635,19.635,19.635,19.635,19.635,19.635,19.635,19.635,19.635
37,FC165,D,19.635,19.635,19.635,19.635,19.635,19.635,19.635,19.635,19.635
10,FC45,A,19.635,22.475,22.475,58.267,103.367,156.086,237.854,237.854,347.252
10,FC45,B,19.635,21.834,21.834,49.664,91.054,148.445,222.5,222.5,335.765
10,FC45,C,19.635,21.77,21.77,51.174,103.438,163.207,236.33,306.774,306.774
10,FC45,D,19.635,21.663,21.663,44.793,66.15,66.15,113.429,147.797,147.797
20,FC45,A,19.635,79.493,237.922,371.356,649.103,818.578,1019.012,1199.527,1371.219
20,FC45,B,19.635,contam,contam,contam,contam,contam,contam,contam,contam
20,FC45,C,19.635,85.987,233.546,405.068,670.391,844.539,1073.603,1244.172,1244.172
20,FC45,D,19.635,,contam,contam,contam,contam,contam,contam,contam
24,FC45,A,19.635,188.364,417.534,674.001,1010.794,1326.912,1701.044,1701.044,1701.044
24,FC45,B,19.635,200.528,482.305,831.985,1091.492,1306.13,1625.152,1871.378,1871.378
24,FC45,C,19.635,168.032,385.838,649.45,1039.143,1401.395,1739.976,2024.363,2024.363
24,FC45,D,19.635,152.806,357.533,585.58,921.758,1128.101,1374.313,1561.897,1803.568
27,FC45,A,19.635,232.4,463.099,778,1173.715,1495.474,2009.387,2263.098,2263.098
27,FC45,B,19.635,181.907,403.724,587.126,731.511,731.511,731.511,731.511,731.511
27,FC45,C,19.635,150.078,326.836,564.986,797.915,1035.228,1278.348,1526.81,1758.366
27,FC45,D,19.635,114.001,304.94,519.541,779.995,1075.653,1544.065,1836.805,2128.873
30,FC45,A,19.635,119.878,266.649,443.314,695.094,931.149,1098.629,1098.629,1334.556
30,FC45,B,19.635,105.801,212.351,306.72,306.72,306.72,306.72,306.72,306.72
30,FC45,C,19.635,104.895,226.392,382.369,602.436,855.335,1113.241,1317.184,1522.71
30,FC45,D,19.635,122.916,257.15,385.136,579.587,761.28,951.48,1130.948,1303.62
34,FC45,A,19.635,19.635,19.635,19.635,19.635,19.635,19.635,19.635,19.635
34,FC45,B,19.635,19.635,19.635,19.635,19.635,19.635,19.635,19.635,19.635
34,FC45,C,19.635,19.635,19.635,19.635,19.635,19.635,19.635,19.635,19.635
34,FC45,D,19.635,19.635,19.635,19.635,19.635,19.635,19.635,19.635,19.635
37,FC45,A,19.635,19.635,19.635,19.635,19.635,19.635,19.635,19.635,19.635
37,FC45,B,19.635,19.635,19.635,19.635,19.635,19.635,19.635,19.635,19.635
37,FC45,C,19.635,19.635,19.635,19.635,19.635,19.635,19.635,19.635,19.635
37,FC45,D,19.635,19.635,19.635,19.635,19.635,19.635,19.635,19.635,19.635
10,FC325,A,19.635,20.388,44.259,66.37,131.75,194.588,256.429,256.429,330.575
10,FC325,B,19.635,20.851,20.851,53.587,91.878,128.731,190.92,247.328,301.684
10,FC325,C,19.635,21.122,21.122,21.122,21.122,68.136,108.129,150.515,193.84
10,FC325,D,19.635,30.785,30.785,81.545,131.615,216.308,216.308,274.752,319.63
10,FC325,E,19.635,contam,contam,contam,contam,contam,contam,contam,contam
20,FC325,A,19.635,79.212,188.852,301.098,414.626,596.564,786.072,949.837,1118.395
20,FC325,B,19.635,101.43,205.586,327.154,488.854,663.785,868.097,1037.189,1179.207
20,FC325,C,19.635,contam,contam,contam,contam,contam,contam,contam,contam
20,FC325,D,19.635,24.503,60.086,115.515,207.922,341.865,539.206,736.653,935.852
20,FC325,E,19.635,83.948,195.29,269.318,435.448,615.242,830.427,1036.833,1257.565
24,FC325,A,19.635,130.044,282.445,424.316,642.515,811.264,1049.201,1216.298,1360.867
24,FC325,B,19.635,167.582,308.904,494.4,684.959,903.72,1116.572,1274.698,1440.293
24,FC325,C,19.635,197.366,354.794,525.658,745.267,958.233,1166.143,1333.526,1529.837
24,FC325,D,19.635,108.462,204.002,297.056,419.666,565.203,690.883,690.883,690.883
24,FC325,E,19.635,108.27,207.327,271.359,395.066,521.179,641.988,800.107,937.335
27,FC325,A,19.635,24.122,24.122,57.23,104.907,163.183,229.041,229.041,284.665
27,FC325,B,19.635,27.805,27.805,60.892,95.612,95.612,173.072,232.266,290.126
27,FC325,C,19.635,28.056,28.056,66.367,113.263,161.886,231.019,231.019,332.307
27,FC325,D,19.635,50.622,50.622,105.924,151.703,219.89,292.907,292.907,406.463
27,FC325,E,19.635,54.091,54.091,119.533,149.431,215.633,286.02,286.02,408.685
30,FC325,A,19.635,21.827,21.827,21.827,21.827,21.827,21.827,21.827,21.827
30,FC325,B,19.635,19.854,53.285,53.285,53.285,89.24,89.24,136.011,136.011
30,FC325,C,19.635,19.918,19.918,33.131,33.131,69.764,69.764,104.396,104.396
30,FC325,D,19.635,20.397,20.397,36.755,36.755,73.139,73.139,108,108
30,FC325,E,19.635,20.369,20.369,20.369,31.501,56.838,56.838,94.866,94.866
34,FC325,A,19.635,19.635,19.635,19.635,19.635,19.635,19.635,19.635,19.635
34,FC325,B,19.635,19.635,19.635,19.635,19.635,19.635,19.635,19.635,19.635
34,FC325,C,19.635,19.635,19.635,19.635,19.635,19.635,19.635,19.635,19.635
34,FC325,D,19.635,19.635,19.635,19.635,19.635,19.635,19.635,19.635,19.635
34,FC325,E,19.635,19.635,19.635,19.635,19.635,19.635,19.635,19.635,19.635
37,FC325,A,19.635,19.635,19.635,19.635,19.635,19.635,19.635,19.635,19.635
37,FC325,B,19.635,19.635,19.635,19.635,19.635,19.635,19.635,19.635,19.635
37,FC325,C,19.635,19.635,19.635,19.635,19.635,19.635,19.635,19.635,19.635
37,FC325,D,19.635,19.635,19.635,19.635,19.635,19.635,19.635,19.635,19.635
37,FC325,E,19.635,19.635,19.635,19.635,19.635,19.635,19.635,19.635,19.635
10,FC27,A,19.635,37.299,78.315,78.315,149.203,149.203,235.173,235.173,301.141
10,FC27,B,19.635,37.933,80.857,80.857,138.828,138.828,216.282,216.282,290.958
10,FC27,C,19.635,27.123,51.626,51.626,95.982,95.982,152.023,152.023,208.228
10,FC27,D,19.635,19.682,19.682,37.662,59.438,59.438,127.862,127.862,195.425
20,FC27,A,19.635,90.921,218.123,316.434,416.891,579.47,722.871,882.394,1039.983
20,FC27,B,19.635,95.22,184.39,256.232,352.701,488.662,615.01,727.078,879.176
20,FC27,C,19.635,25.135,61.84,122.833,197.399,309.107,409.014,494.14,622.718
20,FC27,D,19.635,59.334,125.148,205.17,268.612,375.359,483.284,483.284,630.002
24,FC27,A,19.635,82.841,161.403,262.395,387.724,544.877,723.114,870.263,1050.656
24,FC27,B,19.635,76.771,160.17,243.67,372.259,539.359,756.3,906.982,1105.391
24,FC27,C,19.635,145.344,246.393,371.471,538.249,715.152,880.883,1049.703,1232.347
24,FC27,D,19.635,153.226,270.765,370.031,526.088,655.279,845.468,1007.294,1146.045
27,FC27,A,19.635,41.32,66.693,91.521,124.943,180.593,251.493,251.493,321.137
27,FC27,B,19.635,36.717,66.549,66.549,108.975,162.636,231.16,231.16,336.983
27,FC27,C,19.635,20.096,20.096,20.096,33.106,81.297,127.793,127.793,205.105
27,FC27,D,19.635,28.396,28.396,54.049,94.795,147.107,213.06,293.38,293.38
30,FC27,A,19.635,25.021,25.021,25.021,25.021,25.021,25.021,25.021,25.021
30,FC27,B,19.635,27.825,27.825,27.825,27.825,27.825,27.825,27.825,27.825
30,FC27,C,19.635,21.124,21.124,21.124,21.124,21.124,21.124,21.124,21.124
30,FC27,D,19.635,20.33,20.33,20.33,20.33,20.33,20.33,20.33,20.33
34,FC27,A,19.635,19.635,19.635,19.635,19.635,19.635,19.635,19.635,19.635
34,FC27,B,19.635,19.635,19.635,19.635,19.635,19.635,19.635,19.635,19.635
34,FC27,C,19.635,19.635,19.635,19.635,19.635,19.635,19.635,19.635,19.635
34,FC27,D,19.635,19.635,19.635,19.635,19.635,19.635,19.635,19.635,19.635
37,FC27,A,19.635,19.635,19.635,19.635,19.635,19.635,19.635,19.635,19.635
37,FC27,B,19.635,19.635,19.635,19.635,19.635,19.635,19.635,19.635,19.635
37,FC27,C,19.635,19.635,19.635,19.635,19.635,19.635,19.635,19.635,19.635
37,FC27,D,19.635,19.635,19.635,19.635,19.635,19.635,19.635,19.635,19.635
10,AUS222,A,19.635,23.342,59.801,99.243,155.797,225.938,315.853,315.853,408.687
10,AUS222,B,19.635,20.707,46.585,93.732,140.972,199.484,279.9,279.9,407.142
10,AUS222,C,19.635,22.281,53.043,81.997,131.373,202.005,293.906,347.818,464.273
10,AUS222,D,19.635,23.727,50.102,83.058,132.548,205.401,205.401,294.483,416.627
20,AUS222,A,19.635,82.246,193.237,316.958,514.628,719.222,903.264,1076.375,1264.544
20,AUS222,B,19.635,76.784,186,351.143,563.879,748.821,954.97,1156.029,1343.774
20,AUS222,C,19.635,62.346,164.486,298.751,515.687,689.213,891.098,1081.816,1230.402
20,AUS222,D,19.635,60.754,172.935,293.595,500.511,659.154,858.336,1003.578,1156.795
24,AUS222,A,19.635,127.366,286.24,446.709,581.495,802.56,1012.595,1166.286,1334.773
24,AUS222,B,19.635,115.232,286.069,437.915,599.346,809.182,980.588,980.588,980.588
24,AUS222,C,19.635,114.477,267.463,435.266,656.097,859.467,1063.892,1242.391,1369.087
24,AUS222,D,19.635,111.544,290.064,448.048,671.427,906.307,1132.399,1308.505,1517.088
27,AUS222,A,19.635,88.425,208.959,337.652,518.156,692.81,908.477,1114.046,1362.544
27,AUS222,B,19.635,98.222,228.045,365.685,559.254,688.434,919.69,1055.599,1274.791
27,AUS222,C,19.635,78.942,210.253,331.159,480.255,664.749,855.973,1017.154,1274.419
27,AUS222,D,19.635,83.19,198.21,303.855,470.086,615.92,761.126,761.126,761.126
30,AUS222,A,19.635,55.368,155.478,236.052,370.257,534.966,770.174,983.015,1181.419
30,AUS222,B,19.635,62.318,138.674,219.827,347.496,503.696,675.806,865.129,1078.992
30,AUS222,C,19.635,71.736,154.634,237.997,363.642,475.672,475.672,475.572,475.672
30,AUS222,D,19.635,53.888,163.751,241.68,372.409,491.99,642.491,765.033,924.029
34,AUS222,A,19.635,19.635,19.635,19.635,19.635,19.635,19.635,19.635,19.635
34,AUS222,B,19.635,19.635,19.635,19.635,19.635,19.635,19.635,19.635,19.635
34,AUS222,C,19.635,19.635,19.635,19.635,19.635,19.635,19.635,19.635,19.635
34,AUS222,D,19.635,19.635,19.635,19.635,19.635,19.635,19.635,19.635,19.635
37,AUS222,A,19.635,19.635,19.635,19.635,19.635,19.635,19.635,19.635,19.635
37,AUS222,B,19.635,19.635,19.635,19.635,19.635,19.635,19.635,19.635,19.635
37,AUS222,C,19.635,19.635,19.635,19.635,19.635,19.635,19.635,19.635,19.635
37,AUS222,D,19.635,19.635,19.635,19.635,19.635,19.635,19.635,19.635,19.635
10,FC197,A,19.635,22.359,22.359,35.768,71.999,113.229,166.315,238.178,358.443
10,FC197,B,19.635,20.957,20.957,33.418,65.904,106.735,188.268,279.166,428.099
10,FC197,C,19.635,19.953,19.953,28.825,53.499,98.439,169.434,259.762,369.224
10,FC197,D,19.635,23.129,23.129,46.549,85.5,153.44,212.429,268.827,368.447
20,FC197,A,19.635,42.88,181.586,383.455,754.949,1086.981,1589.798,1994.525,2494.338
20,FC197,B,19.635,41.691,168.75,393.842,741.216,1076.964,1630.998,2071.613,2563.973
20,FC197,C,19.635,58.386,221.682,465.946,777.752,1155.846,1741.02,2156.568,2736.118
20,FC197,D,19.635,107.68,275.81,490.01,908.506,1284.791,1815.73,2194.436,2608.682
24,FC197,A,19.635,190.746,472.412,843.637,1350.25,1768.65,2333.733,2797.237,3298.09
24,FC197,B,19.635,177.979,516.775,793.962,1464.262,1953.6,2476.656,2777.961,3127.802
24,FC197,C,19.635,123.419,416.442,746.957,1339.227,1771.136,2319.833,2776.387,3255.037
24,FC197,D,19.635,126.659,402.143,763.313,1314.995,1777.138,2384.932,2820.515,3197.693
27,FC197,A,19.635,71.093,208.848,387.901,608.186,844.9,1142.203,1347.569,1604.892
27,FC197,B,19.635,77.409,230.554,411.287,632.434,883.612,1185.344,1366.932,1600.506
27,FC197,C,19.635,48.796,171.511,317.357,575.022,796.211,1144.945,1398.807,1685.528
27,FC197,D,19.635,48.39,167.295,319.785,619.659,880.122,1213.011,1486.293,1819.032
30,FC197,A,19.635,45,124.495,191.117,353.376,499.55,699.537,879.358,1066.486
30,FC197,B,19.635,38.649,115.832,192.537,355.595,517.661,702.563,871.244,1061.098
30,FC197,C,19.635,32.39,88.066,148.187,308.997,469.764,682.033,862.289,1073.622
30,FC197,D,19.635,38.677,91.284,149.607,303.766,465.611,634.507,838.847,1114.818
34,FC197,A,19.635,19.635,19.635,19.635,19.635,19.635,19.635,19.635,19.635
34,FC197,B,19.635,19.635,19.635,19.635,19.635,19.635,19.635,19.635,19.635
34,FC197,C,19.635,19.635,19.635,19.635,19.635,19.635,19.635,19.635,19.635
34,FC197,D,19.635,19.635,19.635,19.635,19.635,19.635,19.635,19.635,19.635
37,FC197,A,19.635,19.635,19.635,19.635,19.635,19.635,19.635,19.635,19.635
37,FC197,B,19.635,19.635,19.635,19.635,19.635,19.635,19.635,19.635,19.635
37,FC197,C,19.635,19.635,19.635,19.635,19.635,19.635,19.635,19.635,19.635
37,FC197,D,19.635,19.635,19.635,19.635,19.635,19.635,19.635,19.635,19.635
10,FC198,A,19.635,33.625,91.09,126.36,183.711,183.711,309.48,309.48,505.353
10,FC198,B,19.635,45.602,112.481,181.86,236.42,333.691,440.29,440.29,586.317
10,FC198,C,19.635,19.903,67.919,108.23,135.332,193.068,291.386,291.386,418.699
10,FC198,D,19.635,25.92,64.985,102.419,132.291,132.291,214.658,290.075,349.94
20,FC198,A,19.635,164.983,294.265,415.714,623.575,816.64,1023.233,1199.672,1428.588
20,FC198,B,19.635,202.072,312.557,448.339,627.876,846.63,1061.163,1304.304,1500.943
20,FC198,C,19.635,185.617,315.077,468.76,681.982,892.57,1119.456,1293.424,1535.783
20,FC198,D,19.635,183.915,309.58,489.181,684.631,897.277,1134.394,1356.773,1602.492
24,FC198,A,19.635,241.783,498.934,707.056,1078.912,1364.61,1630.986,1821.759,2023.738
24,FC198,B,19.635,247.253,499.692,717.84,1047.754,1271.044,1567.319,1738.262,1934.52
24,FC198,C,19.635,235.046,502.895,689.657,1042.891,1290.188,1545.636,1728.15,1938.818
24,FC198,D,19.635,220.365,468.605,729.975,1015.967,1252.393,1527.737,1729.666,1944.41
27,FC198,A,19.635,199.455,406.152,633.151,900.283,1208.666,1515.689,1790.803,2073.167
27,FC198,B,19.635,113.065,306.66,498.902,804.764,1050.626,1331.9,1583.601,1862.062
27,FC198,C,19.635,226.529,409.855,580.642,829.758,1075.264,1372.83,1588.215,1848.048
27,FC198,D,19.635,204.632,406.53,576.583,854.987,1118.018,1456.023,1704.128,1982.305
30,FC198,A,19.635,124.957,291.134,392.867,555.956,782.051,978.172,1210.027,1429.106
30,FC198,B,19.635,150.364,282.057,387.41,582.583,799.034,1026.063,1214.184,1449.629
30,FC198,C,19.635,146.127,269.174,379.331,603.918,774.181,940.493,1117.341,1275.948
30,FC198,D,19.635,80.952,193.902,262.883,466.057,620.944,742.699,885.501,1064.137
34,FC198,A,19.635,19.635,19.635,19.635,19.635,19.635,19.635,19.635,19.635
34,FC198,B,19.635,19.635,19.635,19.635,19.635,19.635,19.635,19.635,19.635
34,FC198,C,19.635,19.635,19.635,19.635,19.635,19.635,19.635,19.635,19.635
34,FC198,D,19.635,19.635,19.635,19.635,19.635,19.635,19.635,19.635,19.635
37,FC198,A,19.635,19.635,19.635,19.635,19.635,19.635,19.635,19.635,19.635
37,FC198,B,19.635,19.635,19.635,19.635,19.635,19.635,19.635,19.635,19.635
37,FC198,C,19.635,19.635,19.635,19.635,19.635,19.635,19.635,19.635,19.635
37,FC198,D,19.635,19.635,19.635,19.635,19.635,19.635,19.635,19.635,19.635
10,FC429,A,19.635,32.039,75.273,98.36,126.995,126.995,177.763,177.763,262.678
10,FC429,B,19.635,37.024,37.024,67.418,96.43,96.43,165.115,218.354,218.354
10,FC429,C,19.635,33.25,33.25,69.711,69.711,94.429,145.888,200.672,200.672
10,FC429,D,19.635,29.29,29.29,73.556,104.947,104.947,156.057,219.301,219.301
20,FC429,A,19.635,44.088,93.267,160.584,224.298,328.118,446.153,562.329,680.142
20,FC429,B,19.635,42.2,116.34,173.822,244.529,353.064,458.088,458.088,582.767
20,FC429,C,19.635,61.463,123.767,179.647,236.917,339.427,469.553,596.973,703.429
20,FC429,D,19.635,38.291,93.737,140.189,240.733,343.037,451.551,544.86,544.86
24,FC429,A,19.635,49.807,95.923,140.303,213.214,300.07,397.889,471,565.301
24,FC429,B,19.635,52.882,102.459,156.228,217.92,327.888,425.563,425.563,575.133
24,FC429,C,19.635,60.154,117.198,169.157,235.211,331.964,442.826,442.826,559.172
24,FC429,D,19.635,67.505,162.792,235.704,313.292,420.321,521.072,521.072,665.286
27,FC429,A,19.635,22.873,22.873,22.873,40.883,68.108,125.609,125.609,158.557
27,FC429,B,19.635,25.163,25.163,25.163,42.355,94.075,132.316,132.316,194.226
27,FC429,C,19.635,33.903,33.903,33.903,33.903,33.903,55.77,55.77,92.811
27,FC429,D,19.635,31.167,31.167,31.167,31.167,46.032,74.348,117.558,117.558
30,FC429,A,19.635,21.222,21.222,21.222,21.222,21.222,21.222,53.478,53.478
30,FC429,B,19.635,24.395,24.395,24.395,24.395,24.395,24.395,24.395,24.395
30,FC429,C,19.635,20.834,20.834,20.834,20.834,20.834,20.834,20.834,47.218
30,FC429,D,19.635,22.65,22.65,22.65,22.65,22.65,48.898,48.898,48.898
34,FC429,A,19.635,19.635,19.635,19.635,19.635,19.635,19.635,19.635,19.635
34,FC429,B,19.635,19.635,19.635,19.635,19.635,19.635,19.635,19.635,19.635
34,FC429,C,19.635,19.635,19.635,19.635,19.635,19.635,19.635,19.635,19.635
34,FC429,D,19.635,19.635,19.635,19.635,19.635,19.635,19.635,19.635,19.635
37,FC429,A,19.635,19.635,19.635,19.635,19.635,19.635,19.635,19.635,19.635
37,FC429,B,19.635,19.635,19.635,19.635,19.635,19.635,19.635,19.635,19.635
37,FC429,C,19.635,19.635,19.635,19.635,19.635,19.635,19.635,19.635,19.635
37,FC429,D,19.635,19.635,19.635,19.635,19.635,19.635,19.635,19.635,19.635
10,FC162,A,19.635,38.681,38.681,94.85,116.633,164.983,217.934,287.255,287.255
10,FC162,B,19.635,32.293,32.293,89.929,118.52,161.06,219.066,219.066,297.004
10,FC162,C,19.635,55.009,117.359,158.539,201.164,281.331,356.463,439.927,439.927
10,FC162,D,19.635,48.514,107.86,107.86,170.837,246.581,319.328,319.328,420.643
20,FC162,A,19.635,97.328,205.251,303.756,447.537,607.764,790.618,962.388,1150.633
20,FC162,B,19.635,112.123,219.063,320.482,463.746,612.092,801.17,981.382,1167
20,FC162,C,19.635,101.283,226.45,342.765,457.264,591.648,591.648,756.017,894.55
20,FC162,D,19.635,131.283,297.145,506.811,690.426,886.23,1040.685,1040.685,1233.754
24,FC162,A,19.635,214.297,389.07,524.832,750.443,1002.684,1224.351,1405.475,1572.865
24,FC162,B,19.635,178.967,355.812,508.042,722.076,960.725,1174.082,1352.294,1561.437
24,FC162,C,19.635,275.446,531.062,748.749,1033.429,1302.083,1657.517,1902.054,2149.368
24,FC162,D,19.635,230.524,466.503,640.194,893.517,1125.558,1287.194,1491.352,1491.352
27,FC162,A,19.635,40.595,40.595,125.009,239.606,351.25,561.602,706.004,894.01
27,FC162,B,19.635,49.225,106.417,156.014,224.425,318.829,478.425,608.604,762.981
27,FC162,C,19.635,83.892,163.215,222.08,325.958,485.533,685.095,855.89,998.232
27,FC162,D,19.635,77.957,121.898,183.401,260.929,399.718,571.764,725.211,916.721
30,FC162,A,19.635,26.39,26.39,59.495,83.661,133.382,194.428,271.648,366.814
30,FC162,B,19.635,39.754,39.754,79.643,137.343,208.299,308.606,412.287,533.035
30,FC162,C,19.635,34.606,34.606,72.708,121.435,189.095,261.502,342.711,431.049
30,FC162,D,19.635,32.661,65.486,83.261,115.386,184.519,250.012,329.255,421.89
34,FC162,A,19.635,19.635,19.635,19.635,19.635,19.635,19.635,19.635,19.635
34,FC162,B,19.635,19.635,19.635,19.635,19.635,19.635,19.635,19.635,19.635
34,FC162,C,19.635,19.635,19.635,19.635,19.635,19.635,19.635,19.635,19.635
34,FC162,D,19.635,19.635,19.635,19.635,19.635,19.635,19.635,19.635,19.635
37,FC162,A,19.635,19.635,19.635,19.635,19.635,19.635,19.635,19.635,19.635
37,FC162,B,19.635,19.635,19.635,19.635,19.635,19.635,19.635,19.635,19.635
37,FC162,C,19.635,19.635,19.635,19.635,19.635,19.635,19.635,19.635,19.635
37,FC162,D,19.635,19.635,19.635,19.635,19.635,19.635,19.635,19.635,19.635
10,FC115,A,19.635,37.716,81.37,148.597,244.533,335.242,436.532,535.805,664.891
10,FC115,B,19.635,36.589,97.873,159.258,260.067,391.651,540.967,635.365,815.879
10,FC115,C,19.635,33.847,114.879,183.076,297.073,454.888,605.869,733.806,904.363
10,FC115,D,19.635,40.329,103.509,168.03,295.214,448.147,628.144,761.436,961.548
20,FC115,A,19.635,186.2,392.576,604.609,838.936,1072.437,1373.406,1656.34,1982.388
20,FC115,B,19.635,193.438,458.285,686.043,1021.338,1337.414,1734.355,2093.912,2523.464
20,FC115,C,19.635,129.516,312.651,508.005,716.679,919.802,1095.534,1259.987,1473.83
20,FC115,D,19.635,159.563,338.311,514.137,764.776,980.593,1159.528,1327.183,1327.183
24,FC115,A,19.635,278.18,590.053,838.72,1276.279,1626.145,1982.221,2258.165,2554.872
24,FC115,B,19.635,212.88,504.667,728.484,1042.444,1390.637,1756.082,2027.356,2314.023
24,FC115,C,19.635,230.076,493.795,676.521,947.332,1143.487,1369.746,1541.344,1712.322
24,FC115,D,19.635,150.707,408.502,586.322,815.173,1059.81,1351.362,1688.839,2121.841
27,FC115,A,19.635,96.985,210.407,312.669,505.551,660.461,812.459,944.524,1085.89
27,FC115,B,19.635,96.102,219.074,329.988,543.913,694.473,893.108,1050.824,1209.21
27,FC115,C,19.635,129.623,264.529,425.849,608.347,773.377,956.808,1091.779,1254.373
27,FC115,D,19.635,112.325,267.321,408.223,632.994,888.757,1202.637,1380.029,1571.493
30,FC115,A,19.635,39.776,104.954,132.329,213.369,306.143,420.172,565.495,702.008
30,FC115,B,19.635,43.216,103.988,145.366,237.133,337.474,467.793,583.295,722.876
30,FC115,C,19.635,41.664,104.096,148.248,259.967,384.187,535.867,658.528,781.596
30,FC115,D,19.635,46.963,127.731,211.738,315.369,459.584,601.245,726.595,848.898
34,FC115,A,19.635,19.635,19.635,19.635,19.635,19.635,19.635,19.635,19.635
34,FC115,B,19.635,19.635,19.635,19.635,19.635,19.635,19.635,19.635,19.635
34,FC115,C,19.635,19.635,19.635,19.635,19.635,19.635,19.635,19.635,19.635
34,FC115,D,19.635,19.635,19.635,19.635,19.635,19.635,19.635,19.635,19.635
37,FC115,A,19.635,19.635,19.635,19.635,19.635,19.635,19.635,19.635,19.635
37,FC115,B,19.635,19.635,19.635,19.635,19.635,19.635,19.635,19.635,19.635
37,FC115,C,19.635,19.635,19.635,19.635,19.635,19.635,19.635,19.635,19.635
37,FC115,D,19.635,19.635,19.635,19.635,19.635,19.635,19.635,19.635,19.635
10,EM37,A,19.635,44.594,105.75,105.75,153.932,223.547,281.747,281.747,281.747
10,EM37,B,19.635,38.698,38.698,94.45,163.872,231.329,231.329,304.233,304.233
10,EM37,C,19.635,26.395,26.395,59.724,111.132,180.747,246.196,246.196,246.196
10,EM37,D,19.635,27.47,27.47,69.137,104.731,165.574,165.574,222.493,222.493
20,EM37,A,19.635,contam,contam,contam,contam,contam,contam,contam,contam
20,EM37,B,19.635,74.894,151.231,239.733,335.807,466.935,624.036,624.036,820.29
20,EM37,C,19.635,46.315,94.596,151.949,212.603,331.637,451.41,543.745,659.714
20,EM37,D,19.635,25.465,25.465,59.779,116.673,186.686,287.612,380.693,498.708
24,EM37,A,19.635,23.399,23.399,66.331,153.903,247.792,410.218,568.864,795.179
24,EM37,B,19.635,58.484,139.932,229.356,377.042,527.057,715.824,926.552,1163.684
24,EM37,C,19.635,125.099,227.298,339.095,555.968,695.658,939.013,1107.222,1298.588
24,EM37,D,19.635,128.289,206.704,291.706,498.268,694.54,919.994,1080.106,1251.121
27,EM37,A,19.635,99.023,158.76,194.357,264.689,382.283,499.286,499.286,637.068
27,EM37,B,19.635,95.69,157.656,205.109,270.044,354.483,456.461,456.461,589.415
27,EM37,C,19.635,79.875,128.524,197.796,251.324,341.509,446.606,547.822,650.569
27,EM37,D,19.635,85.429,129.066,187.955,274.039,382.241,503.473,592.306,722.269
30,EM37,A,19.635,45.78,101.251,143.243,143.243,202.254,268.627,268.627,268.627
30,EM37,B,19.635,41.109,90.136,90.136,122.742,172.133,244.06,244.06,340.534
30,EM37,C,19.635,41.728,99.023,99.023,117.637,186.189,237.744,341.096,341.096
30,EM37,D,19.635,32.471,83.2,83.2,111.142,182.365,182.365,243.775,333.726
34,EM37,A,19.635,19.635,19.635,19.635,19.635,19.635,19.635,19.635,19.635
34,EM37,B,19.635,19.635,19.635,19.635,19.635,19.635,19.635,19.635,19.635
34,EM37,C,19.635,19.635,19.635,19.635,19.635,19.635,19.635,19.635,19.635
34,EM37,D,19.635,19.635,19.635,19.635,19.635,19.635,19.635,19.635,19.635
37,EM37,A,19.635,19.635,19.635,19.635,19.635,19.635,19.635,19.635,19.635
37,EM37,B,19.635,19.635,19.635,19.635,19.635,19.635,19.635,19.635,19.635
37,EM37,C,19.635,19.635,19.635,19.635,19.635,19.635,19.635,19.635,19.635
37,EM37,D,19.635,contam,contam,contam,contam,contam,contam,contam,contam
10,Sb2,A,19.635,26.819,67.261,99.627,117.972,117.972,178.639,178.639,247.609
10,Sb2,B,19.635,39.751,73.834,105.196,147.041,195.324,195.324,259.715,325.31
10,Sb2,C,19.635,34.168,68.984,93.503,137.798,137.798,198.593,244.903,244.903
10,Sb2,D,19.635,38.185,38.185,38.185,70.729,146.123,146.123,203.129,264.949
20,Sb2,A,19.635,contam,contam,contam,contam,contam,contam,contam,contam
20,Sb2,B,19.635,contam,contam,contam,contam,contam,contam,contam,contam
20,Sb2,C,19.635,contam,contam,contam,contam,contam,contam,contam,contam
20,Sb2,D,19.635,contam,contam,contam,contam,contam,contam,contam,contam
24,Sb2,A,19.635,contam,contam,contam,contam,contam,contam,contam,contam
24,Sb2,B,19.635,contam,contam,contam,contam,contam,contam,contam,contam
24,Sb2,C,19.635,contam,contam,contam,contam,contam,contam,contam,contam
24,Sb2,D,19.635,contam,contam,contam,contam,contam,contam,contam,contam
27,Sb2,A,19.635,contam,contam,contam,contam,contam,contam,contam,contam
27,Sb2,B,19.635,contam,contam,contam,contam,contam,contam,contam,contam
27,Sb2,C,19.635,contam,contam,contam,contam,contam,contam,contam,contam
27,Sb2,D,19.635,contam,contam,contam,contam,contam,contam,contam,contam
30,Sb2,A,19.635,contam,contam,contam,contam,contam,contam,contam,contam
30,Sb2,B,19.635,21.296,103.476,151.694,226.762,226.762,293.086,293.086,293.086
30,Sb2,C,19.635,contam,contam,contam,contam,contam,contam,contam,contam
30,Sb2,D,19.635,contam,contam,contam,contam,contam,contam,contam,contam
34,Sb2,A,19.635,contam,contam,contam,contam,contam,contam,contam,contam
34,Sb2,B,19.635,contam,contam,contam,contam,contam,contam,contam,contam
34,Sb2,C,19.635,contam,contam,contam,contam,contam,contam,contam,contam
34,Sb2,D,19.635,contam,contam,contam,contam,contam,contam,contam,contam
37,Sb2,A,19.635,contam,contam,contam,contam,contam,contam,contam,contam
37,Sb2,B,19.635,contam,contam,contam,contam,contam,contam,contam,contam
37,Sb2,C,19.635,contam,contam,contam,contam,contam,contam,contam,contam
37,Sb2,D,19.635,contam,contam,contam,contam,contam,contam,contam,contam
10,FC94,A,19.635,35.9,138.851,215.371,349.059,457.667,591.727,700.285,836.962
10,FC94,B,19.635,33.898,106.498,181.917,325.946,447.405,627.784,768.402,896.669
10,FC94,C,19.635,22.048,22.048,66.279,173.278,271.853,411.204,564.566,705.763
10,FC94,D,19.635,23.621,23.621,103.538,269.371,378.058,522.144,675.677,850.135
20,FC94,A,19.635,103.735,276.767,466.235,774.129,1142.859,1601.275,2004.23,2482.998
20,FC94,B,19.635,85.398,224.696,405.284,714.31,1038.355,1506.356,1853.851,2322.535
20,FC94,C,19.635,109.703,281.545,510.707,788.805,1159.466,1526.466,1858.565,2413.616
20,FC94,D,19.635,99.989,297.127,510.906,798.497,1158.248,1659.227,2008.98,2436.831
24,FC94,A,19.635,146.705,459.092,689.136,1099.21,1594.773,2166.919,2650.968,3178.574
24,FC94,B,19.635,150.757,407.995,709.302,1189.72,1619.532,2221.669,2636.585,3104.52
24,FC94,C,19.635,166.614,427.505,688.837,1097.152,1527.897,2048.119,2475.531,2949.769
24,FC94,D,19.635,229.425,489.112,798.359,1181.759,1536.741,1982.688,2324.333,2324.333
27,FC94,A,19.635,21.49,52.132,114.491,220.057,366.093,541.122,704.268,907.77
27,FC94,B,19.635,25.252,61.171,111.803,244.463,363.917,506.903,665.42,870.742
27,FC94,C,19.635,27.705,57.793,98.675,207.954,343.316,479.987,652.527,838.478
27,FC94,D,19.635,contam,contam,contam,contam,contam,contam,contam,contam
30,FC94,A,19.635,contam,contam,contam,contam,contam,contam,contam,contam
30,FC94,B,19.635,26.871,26.871,26.871,26.871,26.871,60.469,96.588,96.588
30,FC94,C,19.635,20.644,20.644,20.644,20.644,20.644,20.644,20.644,20.644
30,FC94,D,19.635,20.544,20.544,32.213,49.072,49.072,89.04,126.652,194.24
34,FC94,A,19.635,19.635,19.635,19.635,19.635,19.635,19.635,19.635,19.635
34,FC94,B,19.635,19.635,19.635,19.635,19.635,19.635,19.635,19.635,19.635
34,FC94,C,19.635,19.635,19.635,19.635,19.635,19.635,19.635,19.635,19.635
34,FC94,D,19.635,19.635,19.635,19.635,19.635,19.635,19.635,19.635,19.635
37,FC94,A,NA,NA,NA,NA,NA,NA,NA,NA,NA
37,FC94,B,NA,NA,NA,NA,NA,NA,NA,NA,NA
37,FC94,C,NA,NA,NA,NA,NA,NA,NA,NA,NA
37,FC94,D,NA,NA,NA,NA,NA,NA,NA,NA,NA
10,EM44,A,19.635,23.435,23.435,23.435,53.506,100.568,181.226,181.226,237.324
10,EM44,B,19.635,contam,contam,contam,contam,contam,contam,contam,contam
10,EM44,C,19.635,25.906,25.906,53.798,84.069,116.177,176.013,176.013,176.013
10,EM44,D,19.635,30.214,30.214,56.532,84.183,84.183,143.115,143.115,209.745
20,EM44,A,19.635,72.016,139.661,206.754,272.698,348.159,444.319,444.319,444.319
20,EM44,B,19.635,73.2,135.864,182.531,290.124,380.564,515.352,515.352,630.941
20,EM44,C,19.635,71.937,162.743,239.475,300.56,393.799,509.675,509.675,641.814
20,EM44,D,19.635,63.705,146.25,212.158,268.248,356.449,356.449,356.449,471.65
24,EM44,A,19.635,142.075,257.148,402.948,565.717,773.681,970.153,1155.594,1155.594
24,EM44,B,19.635,99.186,212.422,305.086,398.441,512.787,512.787,512.787,512.787
24,EM44,C,19.635,112.752,219.871,356.164,517.402,713.61,930.675,1151.607,1498.976
24,EM44,D,19.635,76.001,209.303,356.306,530.475,713.574,909.149,1089.093,1320.556
27,EM44,A,19.635,32.475,32.475,108.057,174.011,240.557,321.051,321.051,408.074
27,EM44,B,19.635,40.08,40.08,122.418,179.337,179.337,289.245,289.245,357.343
27,EM44,C,19.635,30.567,30.567,130.428,227.228,317.469,439.994,544.149,544.149
27,EM44,D,19.635,34.761,34.761,104.361,164.143,243.312,243.312,243.312,243.312
30,EM44,A,19.635,26.582,26.582,37.503,37.503,37.503,64.521,104.119,104.119
30,EM44,B,19.635,20.389,20.389,29.843,39.333,39.333,61.911,89.823,89.823
30,EM44,C,19.635,21.319,21.319,21.319,41.708,59.543,113.394,113.394,180.797
30,EM44,D,19.635,19.817,19.817,34.163,46.32,46.32,91.582,91.582,148.987
34,EM44,A,19.635,19.635,19.635,19.635,19.635,19.635,19.635,19.635,19.635
34,EM44,B,19.635,19.635,19.635,19.635,19.635,19.635,19.635,19.635,19.635
34,EM44,C,19.635,19.635,19.635,19.635,19.635,19.635,19.635,19.635,19.635
34,EM44,D,19.635,contam,contam,contam,contam,contam,contam,contam,contam
37,EM44,A,19.635,19.635,19.635,19.635,19.635,19.635,19.635,19.635,19.635
37,EM44,B,19.635,19.635,19.635,19.635,19.635,19.635,19.635,19.635,19.635
37,EM44,C,19.635,19.635,19.635,19.635,19.635,19.635,19.635,19.635,19.635
37,EM44,D,19.635,19.635,19.635,19.635,19.635,19.635,19.635,19.635,19.635